supplier_guess,fichier,dossier,noms_trouves_dans_pdf,sites
6202A01B454ED06E74414CFD,6202a01b454ed06e74414cfd_Catalogue NUMA - 2022 I Website.pdf,Suppliers Catalogues,,
AIDY,2026 AIDY Catalog.pdf,All Catalogues 220926,,
AIMOWELL,2026 AIMOWELL CATALOG.pdf,All Catalogues 220926,"CHANGZHOU AIMOWELL TECHNOLOGY CO.,LTD",aimowell.com
AIR,Air Seat.pdf,All Catalogues 220926,,
ALX,2026 ALX&DCH CATALOG.pdf,All Catalogues 220926,佛山鑫风之子车业有限公司 | 广州风之子车业有限公司,1688.com | alibaba.com
AOMC,2026 AOMC CATALOG.pdf,All Catalogues 220926,"Hebei Aoming Chain Technology Co., Ltd.",deepl.com
AOYUAN,2026 AOYUAN CATALOG.pdf,All Catalogues 220926,,
APSE,APSE ARTEK Catalog 2025 web.pdf,Suppliers Catalogues,"APSE BENGBU APSE TECHNOLOGY CO.,LTD.",apsebrakes.com | hinet.net
APTUM,2026 APTUM QUOTATION -motorcycle parts 2.xls,All Catalogues 220926,,
ATOKEY,ATOKEY LOCK 2026.pdf,All Catalogues 220926,,
AVIAN,2026 Avian EN CATALOG.pdf,All Catalogues 220926,,
BATFOX,2026 BATFOX Catalog.pdf,All Catalogues 220926,,
BATTERY,Battery catalog.pdf,Suppliers Catalogues,,
BEEBIKE,2026 BeeBIKE QUOTATION-bottle.pdf,All Catalogues 220926,,beeinfo.cn
BEIINA,2026 BEIINA CATALOG.pdf,All Catalogues 220926,,
BILEMIMA,2026 BILEMIMA CATALOG 1.pdf,All Catalogues 220926,,
BLEEQ,2026 Bleeq Up AI sport glasses.pdf,All Catalogues 220926,,
BONE,2026 BONE CATALOG.pdf,All Catalogues 220926,,
BOSHING,2026 BOSHING CATALOG.pdf,All Catalogues 220926,,
BOWOD,2026 BOWOD CATALOG.pdf,All Catalogues 220926,,
BTR,BTR catalog.pdf,Suppliers Catalogues,"Shenzhen BTR Electrinic Co.,Ltd.",
BURTONO,BURTONO clothes 4.pdf,All Catalogues 220926,"Guangzhou Burtono Sports Equipment Co.,Ltd",burtono.com
CHANG,2026 Chang Tong CATALOG.pdf,All Catalogues 220926,,
CHANGZHOU BORUI,Changzhou Borui.pdf,All Catalogues 220926,,
CHENGJU,2026 CHENGJU CATALOG.pdf,All Catalogues 220926,,
CHENGYI,2026 CHENGYI CATALOG.pdf,All Catalogues 220926,,
CHIPRO,2026 CHIPRO CATALOG.pdf,All Catalogues 220926,,
CIGNG,2026 CIGNG catalog.pdf,All Catalogues 220926,,dgwtsports.com
CITYWAY,2026 CITYWAY CATALOG.pdf,All Catalogues 220926,,
CNSPOKE,2026 CNSPOKE CATALOG.pdf,All Catalogues 220926,,
CRYSTALYTE,Crystalyte materials index.pdf,All Catalogues 220926,,crystalyte.com
CYCLAMI,2026 CYCLAMI CATALOG.pdf,All Catalogues 220926,,
DECO,2026 DECO CATALOG 3.pdf,All Catalogues 220926,,
DEVIATE,2026 DEVIATE(DONGGUAN WENXING) Catalog.pdf,All Catalogues 220926,,
DIYUAN,2026 DIYUAN CATALOG.pdf,All Catalogues 220926,,
DNM,2026 DNM CATALOG.pdf,All Catalogues 220926,,
DONG,2026 DONG XIN CATALOG.pdf,All Catalogues 220926,,
DOTEK,2025 DOTEK CATALOG 2.pdf,All Catalogues 220926,"URE DOTEK Introduction Guangzong County Dacheng Santao Shaft Co., Ltd",
EIWOL,2026 EIWOL MOTOR CATALOGUE-A01.pdf,All Catalogues 220926,"Scan to follow WeCom About Us Wuxi Eiwol Motor Technology Co., Ltd.",eiwol-motor.com | qq.com
ELEVANDI,2026 ELEVANDI .pdf,All Catalogues 220926,,
ELITOP,2026 ELITOP CATALOG.pdf,All Catalogues 220926,,
ENGWE,ENGWE Product Catalog25.1.1.pdf,Suppliers Catalogues,,
ENLEE,2026 ENLEE CATALOG-GLASSES.pdf,All Catalogues 220926,,
ENLEE产品目录,ENLEE产品目录-2026.pdf,All Catalogues 220926,东莞市恩利户外用品有限公司,
ESME,2026 ESME BICYCLE QUOTES.pdf,All Catalogues 220926,,alibaba.com | hbaism.com
ESON,ESON Bone Conduction Headphone Catalog.pdf,Suppliers Catalogues,,8.com
ETROTEK,ETROTEK PRESENTATION 2024.pptx,All Catalogues 220926,,
FREERCHOBBY,Product Brochure_2024 FREERCHOBBY.pdf,All Catalogues 220926,,
FUKAI,FUKAI Saddle.pdf,All Catalogues 220926,,
FUXINGDA,2026 FUXINGDA CATALOG.pdf,All Catalogues 220926,,
GACIRON,2026 GACIRON CATALOG.pdf,All Catalogues 220926,Wireless Remote Inc,
GOKEEP,2026 GOKEEP CATALOG.pdf,All Catalogues 220926,,
HANDAN QIJIAN,Handan Qijian riding bags.pdf,All Catalogues 220926,,
HAOBO,2026 HAOBO CATALOG.pdf,All Catalogues 220926,PRECISION TECHNOLOGY CO. LTD,
HAOSHUO,2026 HAOSHUO CATALOG.pdf,All Catalogues 220926,,
HAPYSON,2026 Hapyson 山田电机_catalog.pdf,All Catalogues 220926,,
HB,2026 HB Catalog 3.pdf,All Catalogues 220926,,
HDY,2026 HDY CATALOG.pdf,All Catalogues 220926,,
HEBEI ANQI,Hebei Anqi bags.xlsx,All Catalogues 220926,,
HEBEI HANMA,Hebei Hanma.xlsx,All Catalogues 220926,,
HEBEI HENGRUI,Hebei Hengrui Saddle.pdf,All Catalogues 220926,,
HEBEI MANHATTAN,"Hebei Manhattan Bicycle Co., Ltd..pdf",All Catalogues 220926,"Hebei Manhart Bicycle Co., Ltd.",
HEBEI ZHONGDE,Hebei Zhongde saddle.pdf,All Catalogues 220926,"Hebei Zhongde Automobile Industry Co., Ltd | 河北中德车业有限公司",
HENG,2026 HENG CHUANG CATALOG.pdf,All Catalogues 220926,,
HENGHUI,2026 HENGHUI CHAIN CATALOG.pdf,All Catalogues 220926,,
HIGH,2026 HIGH JUMP CATALOG.pdf,All Catalogues 220926,,
HONGJINLONG,2026 HONGJINLONG CATALOG.pdf,All Catalogues 220926,,
HORSES,HORSES-TEC CATALOG 2024.pdf,Suppliers Catalogues,,
HUIZHUO SURPASS,2026 Huizhuo Surpass.pdf,All Catalogues 220926,,
IIEREC,2026 IIEREC CATALOG.pdf,All Catalogues 220926,,
JDS,2026 JDS EYEWEAR CATALOG 3.pdf,All Catalogues 220926,,
JHX,2026 JHX CATALOG.pdf,All Catalogues 220926,,
JIANZHONG,2026 JIANZHONG CATALOG.pdf,All Catalogues 220926,,
JIASHAN SHENGGUANG,New product Brochure Jiashan Shengguang 2026-2027 aftermarket.pdf,All Catalogues 220926/2026 JINGYI CATALOG,,
JIMATE,2026 JIMATE CATALOG 1.pdf,All Catalogues 220926,"Qingdao Baitaiwang Rubber Co., Ltd. | 青岛百泰旺橡胶有限公司",1688.com | qq.com
JINDAO,Jindao Saddle.pdf,All Catalogues 220926,,
JINGXING,Jingxing Saddle.pdf,All Catalogues 220926,,
JINGYI,2026 JINGYI New product Brochure aftermarket.pdf,Catalogues/Bike Light,,
JINLI,2026 JINLI CATALOG.pdf,All Catalogues 220926,,
JINSHUN,2026 JINSHUN Catalog.pdf,All Catalogues 220926,,
JIUHENG,2026 JIUHENG CATALOG.pdf,All Catalogues 220926,,
JOLETIRE,2026 JOLETIRE CATALOG.pdf,All Catalogues 220926,,
JOYSTAR,JOYSTAR 2026 CATALOG.pdf,All Catalogues 220926,,
JYT,JYT Controller.pdf,All Catalogues 220926,,
KAI,2025 KAI MEI TE CATALOG.pdf,All Catalogues 220926,,126.com
KAIDA,"KAIDA,SADDLE.pdf",All Catalogues 220926,,
KEKE,2026 KEKE QUOTATION.pdf,All Catalogues 220926,,
KEY,Key-Disp Catalog 2023-V1.2.pdf,Suppliers Catalogues,,
KEYU,Keyu charger.pdf,All Catalogues 220926,,
KT,KT Catalogue 2025.pdf,Suppliers Catalogues,,
LANG,Lang yu Grip.pdf,All Catalogues 220926,,
LANGSDOM,2026 LANGSDOM CATALOG.pdf,All Catalogues 220926,,
LEESE,2026 LEESE CATALOG & QUOTATION.xlsx,All Catalogues 220926,,
LEGEER,2025 LEGEER CATALOG.pdf,All Catalogues 220926,,
LLZK,LLZK Controller 1.pdf,All Catalogues 220926,,jx-jiaqi.com | lzkcontroller.com
LN,2026 LN Energy CATALOG.pdf,All Catalogues 220926,,lnenergytech.com
LUQIANG,2026 LUQIANG CATALOG.xlsx,All Catalogues 220926,,
MAGICSHINE,2026 Magicshine Catalog.pdf,All Catalogues 220926,,magicshine.com
MARWI,marwi_catalogue_2025.pdf,Suppliers Catalogues,"MARWI Taiwan Industrial Co., Ltd.",marwi-eu.com | marwi.com
MEI,2026 MEI BANG NUO CATALOG.pdf,All Catalogues 220926,"Dongguan Meibangnuo New Material Technology Co., Ltd | 东莞市美邦诺新材料科技有限公司",
MEITAO,Meitao Pump.pdf,All Catalogues 220926,,
MFG,2026 MFG Catalog.pptx,All Catalogues 220926,,
MINIGAO,2026 Minigao catalog(With price and Wechat).pdf,All Catalogues 220926,,
MINIONS,2026 MINIONS TIRE.pdf,All Catalogues 220926,,
MOAOZ,2025 MOAOZ CATALOG.pdf,All Catalogues 220926,,
MTB,MTB BICYCLE PRICE YOYO.pdf,All Catalogues 220926,,
NANPU,NANPU.pdf,Catalogues/2026 Motor catalog,NANPU Corp | NANPU Driving a Greener Future About NANPU Corp. | 关于南普公司 | 的方案技术解决公司,
NAVIGATE,2026 NAVIGATE CATALOG 2.xlsx,All Catalogues 220926,,
NAYUE,2026 NAYUE CATALOG.pdf,All Catalogues 220926,,
NEUTRON,2026 NEUTRON COMPONENTS.pdf,All Catalogues 220926,,acy.com
NEWEST,Newest ALOVA Open-Ear Products Catalog-Jolin.pdf,Suppliers Catalogues,"ALEX TECH CATALOGUE Shenzhen Alex Technology Co.,Ltd",alovaaudio.com
NEXGA,2026 NEXGA CATALOG.pdf,All Catalogues 220926,,
OBAOLAY,2026 OBAOLAY CATALOG CYCLING GLASSES.pdf,All Catalogues 220926,,
OFFLINE,SKI Offline catalog 25:26.pdf,Suppliers Catalogues,,
ONIRII,2026 ONIRII CATALOG.pdf,All Catalogues 220926,,
ORYLEAP,2026 ORYLEAP CATALOG EN.pdf,All Catalogues 220926,宁波奥跃新能源科技有限公司,
OSMAR,2026 OsmaR  CATALOG-Magnetic snap CN.pdf,All Catalogues 220926/2026 OsmaR  CATALOG,,osmarbuckle.com
OUTDO,2026 OUTDO SPORTS EYEWEAR-SUN CATALOG.pdf,All Catalogues 220926,,126.com
PAISON,2026 PAISON CATALOG EN.pdf,All Catalogues 220926,,
PROMEND,2026 PROMEND CATALOG.pdf,All Catalogues 220926,,
QICYCLE,2026 QiCYCLE Nano.pdf,All Catalogues 220926,,
QINHUAN,2026 QINHUAN CATALOG.pdf,All Catalogues 220926,,
QS,QS motor catalogue 2026.pdf,All Catalogues 220926,,
QUICK,2026 QUICK CATALOG.pdf,All Catalogues 220926,"UICK Bicycles is the flagship brand of Huizhou Quick Bicycle Co., Ltd.",quick-bikes.com
RHY,RHY Product Catalog 2024.pdf,Suppliers Catalogues,,
RMX,2026 RMX CATALOG.pdf,All Catalogues 220926,,
S,2026 S-PARTS CATALOG 8.pdf,All Catalogues 220926/2026 S-PARTS CATALOG,,
SAHOO,SAHOO sourcing catalog - BIKE 2026.pdf,All Catalogues 220926,,
SANLIAN,2026 SANLIAN CATALOG.pdf,All Catalogues 220926,,
SANS,SANS Charger Catalog(6).pdf,All Catalogues 220926,,
SBK,2026 SBK Catalog.pdf,All Catalogues 220926,,
SEEKRUN,SEEKRUN Catalog 2023.pdf,Suppliers Catalogues,,seekrun.com
SHANDONG XINDA,"Shandong Xinda Motor Co., Ltd. Catalog _Low Speed Mini EV AC motor Series 2023.pdf",All Catalogues 220926,"About Xinda Motor Shandong Xinda Motor Co., Ltd. | Company profile About Shandong Xinda Motor Co., Ltd. | Shandong Xinda Motor Co., Ltd. | Shandong Xinda Motor Co.,Ltd.",
SHANGFENG,2026 SHANGFENG CATALOG.pdf,All Catalogues 220926,,
SHENZHEN YPR,Shenzhen YPR.pdf,All Catalogues 220926,,
SHUNYU,2026 SHUNYU CATALOG.pdf,All Catalogues 220926,,
SIAECOSYS,SiAECOSYS Presentation 2026.pdf,All Catalogues 220926,,siaecosys.com
SMT,2026 SMT CATALOG.pdf,All Catalogues 220926,,
SNOOKER,2026 SNOOKER CATALOG.pdf,All Catalogues 220926,,
SPARKLE,2026 SPARKLE CATALOG.pdf,All Catalogues 220926,,
STILT,Stilt Studios Catalogue 2024.pdf,Suppliers Catalogues,,
SUNLIGHT,2026 SUNLIGHT CATALOG.pdf,All Catalogues 220926,,
SUNNYWHEEL,SUNNYWHEEL CATALOGUE _ 2025 new_含封面.pdf,Suppliers Catalogues,,
SURPASS,2026 Surpass Sports Products Catalog.pdf,All Catalogues 220926,,
TENGHUI,2026 TENGHUI CATALOG.pdf,All Catalogues 220926,,
TENGSEN,Tengsen Saddle.pdf,All Catalogues 220926,,
TIANJIU,2026 TIANJIU CATALOG.pdf,All Catalogues 220926,,
TTN,2026 TTN CATALOG CN.pdf,All Catalogues 220926,永興軸承公司,
TUKUS,2026 TUKUS CATALOG(With price).pdf,All Catalogues 220926,,
TUOHAI,2026 TUOHAI CATALOG 2.pdf,All Catalogues 220926,"WWW.bicyclwheelsets.com Hebi Tuohai Automobile Industry Co., Ltd.",bicyclwheelsets.com
UNITEK,UNITEK Catalogue.pdf,All Catalogues 220926,尤尼科电驱动系统有限公司,
VELOCE,2026 VELOCE CATALOG.pdf,All Catalogues 220926,,
WEICHI,2026 WEICHI CATALOG.pdf,All Catalogues 220926,,
WEIIGO,2026 WEIIGO CATALOG.pdf,All Catalogues 220926,,
WENZHOU SONJO,Wenzhou Sonjo Lock 2026.pdf,All Catalogues 220926,,
WEST,2026 WEST BIKING Catalog.pdf,All Catalogues 220926,,
WUXI LEIMING,wuxi Leiming.pdf,All Catalogues 220926,,
WZSQ,2026 WZSQ CATALOG.pptx,All Catalogues 220926,,
XIEDA,2026 XIEDA CATALOG.pdf,All Catalogues 220926,,163.com
XIMENG,2026 XIMENG CATALOG.pdf,All Catalogues 220926,"PINGXIANG JIE TAI BICYCLE CO,LTD | PNGXIANG UETAI EICYCLE CO,LTD | 乡县捷泰自行车有限公司",qq.com
XINAOMA,2026 XINAOMA COMPANY.pptx,All Catalogues 220926,,
XINDI,2026 XINDI CATALOG.pdf,All Catalogues 220926,,
XINGTAI LEYANG,Xingtai Leyang Basket 2.xlsx,All Catalogues 220926,,
XINGTAI MEIDE,Xingtai Meide Bicycle1.pdf,All Catalogues 220926,,
XINGTAI SHANGTU,Xingtai Shangtu Bags.pdf,All Catalogues 220926,,qq.com
XINRUI,Xinrui Ski Goggles Catalog-2025V10.pdf,Suppliers Catalogues,"GUANGZHOU XINRUI PROTECTIVE EQUIPMENT CO.,LTD.",xinruisport.com
XINYANGANG,2026 XINYANGANG CATALOG.pdf,All Catalogues 220926,丽雪电动自行车配件有限公司,
XVE,XVE charger.pdf,All Catalogues 220926,"Supply Co., Ltd. | 全的设计理念植入到了公司 | 有限责任公司 | 湖南金鑫宇电源科技有限公司 | 销售于一体的实业公司",
YINGCHI,2026 YINGCHI CATALOG.pdf,All Catalogues 220926,,
YIQI,2026 YIQI CATALOG & QUOTATION.xls,All Catalogues 220926,,
YONGDONG,2026 YONGDONG CATALOG.pdf,All Catalogues 220926,,
YONGFANG,YongFang Plastic 2.pdf,All Catalogues 220926,,
YONGLI,YONGLI MTB CATALOG-2025.pdf,Suppliers Catalogues,,
YONGTENG,2026 YONGTENG CATALOG.pdf,All Catalogues 220926,创建自己的贸易公司 | 天津喜来福科技有限公司 | 天津市思博格兹自行车有限公司,
YOUJU,2026 YOUJU OPITCS CATALOG.pdf,All Catalogues 220926,,
YOUSAI,2026 YOUSAI CATALOG.pdf,All Catalogues 220926,邯郸市优赛车业有限公司,qq.com
YOYO,BICYCLE PRICE 2605-YOYO  .pdf,All Catalogues 220926,,
YUAN,2026 YUAN YU Catalog.pdf,All Catalogues 220926,,
YUEHENG,2026 YUEHENG CATALOG.pdf,All Catalogues 220926,,
YUN,2026 YUN LI DA CATALOG.pdf,All Catalogues 220926,,
ZHEMEI,2026 ZHEMEI CATALOG.pdf,All Catalogues 220926,"Lid Ningbo Zhemei Aluminum Wheel Technology Co., Ltd. | 宁波哲美铝轮科技有限公司",outlook.com
ZHIHAO,2026 ZHIHAO CATALOG-MITTS.pdf,All Catalogues 220926,,
ZHONGDE,Zhongde basket.xlsx,All Catalogues 220926,,
ZHONGSHAN BAGMATE,2026 Zhongshan bagmate.pdf,All Catalogues 220926,,
ZHONGZHE,2026 ZHONGZHE CATALOG.pdf,All Catalogues 220926,,
ZIYI,2022 ZIYI CATALOG.pdf,All Catalogues 220926,,
ZOLO,2026 1-ZOLO SOLO Catalog.pdf,All Catalogues 220926,惠州市所洛运动用品有限公司,
广东欧迪斐斯智能科技有限公司产品手册,广东欧迪斐斯智能科技有限公司产品手册.pdf,All Catalogues 220926,"GUANGDONG ODIFAX INTELLIGENT TECHNOLOGY CO.,LTD | 智能科技有限公司",alibaba.com
科洛曼,科洛曼（2026~2027年).pdf,All Catalogues 220926,,
