fichier,dossier,cle,nom_pdf,statut,id_1,cand_1,id_2,cand_2,id_3,cand_3,id_retenu
6202a01b454ed06e74414cfd_Catalogue NUMA - 2022 I Website.pdf,Suppliers Catalogues,6202a01b454ed06e74414cfd Catalogue NUMA     I Website,,aucun,,,,,,,
2026 AIDY Catalog.pdf,All Catalogues 220926,AIDY,,aucun,,,,,,,
2026 AIMOWELL CATALOG.pdf,All Catalogues 220926,AIMOWELL,"CHANGZHOU AIMOWELL TECHNOLOGY CO.,LTD",aucun,,,,,,,
Air Seat.pdf,All Catalogues 220926,Air Seat,,aucun,,,,,,,
2026 ALX&DCH CATALOG.pdf,All Catalogues 220926,ALX DCH,佛山鑫风之子车业有限公司 | 广州风之子车业有限公司,aucun,,,,,,,
2026 AOMC CATALOG.pdf,All Catalogues 220926,AOMC,"Hebei Aoming Chain Technology Co., Ltd.",aucun,,,,,,,
2026 AOYUAN CATALOG.pdf,All Catalogues 220926,AOYUAN,,aucun,,,,,,,
APSE ARTEK Catalog 2025 web.pdf,Suppliers Catalogues,APSE ARTEK,"APSE BENGBU APSE TECHNOLOGY CO.,LTD.",à valider,official_1282,"BENGBU FURUI ELECTROMECHANICAL TECHNOLOGY CO., LTD. [FURUI BICYCLE] W2 W2-1436 · 0.80 token:bengbu ← APSE BENGBU APSE TECHNOLO",,,,,
2026 APTUM QUOTATION -motorcycle parts 2.xls,All Catalogues 220926,APTUM    motorcycle parts,,à valider,official_998,"JIEYANG&nbsp;TIEQI&nbsp;MOTORCYCLE&nbsp;ACCESSORIES&nbsp;TRADING&nbsp;CO., LTD. [JIEYANG&NBSP TIEQI&NBSP] N1 N1-1244 · 0.80 token:motorcycle ← APTUM    motorcycle parts",,,,,
ATOKEY LOCK 2026.pdf,All Catalogues 220926,ATOKEY LOCK,,aucun,,,,,,,
2026 Avian EN CATALOG.pdf,All Catalogues 220926,Avian,,aucun,,,,,,,
2026 BATFOX Catalog.pdf,All Catalogues 220926,BATFOX,,aucun,,,,,,,
Battery catalog.pdf,Suppliers Catalogues,Battery,,à valider,official_564,"JOYCUBE BATTERY CO., LTD. [JOYCUBE] E5 E5-0916 · 0.90 en⊇ ← Battery",official_566,"QINHUANGDAO XINCHI PHOTOELECTRICITY TECHNOLOGY CO., LTD. [SINC LITHIUM BATTERY] E5 E5-0926 · 0.90 brand⊇ ← Battery",official_636,"WANDA BATTERY INTELLIGENT TECHNOLOGY (KUNSHAN) CO., LTD. [WANDA BATTERY] E6 E6-0145 · 0.90 en⊇ ← Battery",
2026 BeeBIKE QUOTATION-bottle.pdf,All Catalogues 220926,BeeBIKE   bottle,,à valider,official_446,"GANZHOU BOTTLE CAGE BICYCLE CO., LTD. [GANZHOU BOTTLE] E4 E4-1244 · 0.80 token:bottle ← BeeBIKE   bottle",,,,,
2026 BEIINA CATALOG.pdf,All Catalogues 220926,BEIINA,,aucun,,,,,,,
2026 BILEMIMA CATALOG 1.pdf,All Catalogues 220926,BILEMIMA,,aucun,,,,,,,
2026 Bleeq Up AI sport glasses.pdf,All Catalogues 220926,Bleeq Up AI sport glasses,,aucun,,,,,,,
2026 BONE CATALOG.pdf,All Catalogues 220926,BONE,,aucun,,,,,,,
2026 BOSHING CATALOG.pdf,All Catalogues 220926,BOSHING,,aucun,,,,,,,
2026 BOWOD CATALOG.pdf,All Catalogues 220926,BOWOD,,aucun,,,,,,,
BTR catalog.pdf,Suppliers Catalogues,BTR,"Shenzhen BTR Electrinic Co.,Ltd.",aucun,,,,,,,
BURTONO clothes 4.pdf,All Catalogues 220926,BURTONO clothes,"Guangzhou Burtono Sports Equipment Co.,Ltd",aucun,,,,,,,
2026 Chang Tong CATALOG.pdf,All Catalogues 220926,Chang Tong,,à valider,official_1138,"CHING TONG SHAN ENTERPRISE (HUIZHOU) CO., LTD. [CHING TONG] W1 W1-0738 · 0.75 fuzzy0.90 ← Chang Tong",,,,,
Changzhou Borui.pdf,All Catalogues 220926,Changzhou Borui,,aucun,,,,,,,
2026 CHENGJU CATALOG.pdf,All Catalogues 220926,CHENGJU,,aucun,,,,,,,
2026 CHENGYI CATALOG.pdf,All Catalogues 220926,CHENGYI,,à valider,official_193,"NINGBO ZHEHANG BIKE CO., LTD. [ZHENGYI] E2 E2-1711 · 0.75 fuzzy0.86 ← CHENGYI",official_339,"ZHONGSHAN HENGYI SPORTS EQUIPMENT CO., LTD. [HENGYI] E3 E3-1731 · 0.75 fuzzy0.92 ← CHENGYI",official_563,"SUZHOU SHENGYI MOTOR CO., LTD. [SHENGYI] E5 E5-0913 · 0.75 fuzzy0.86 ← CHENGYI",
2026 CHIPRO CATALOG.pdf,All Catalogues 220926,CHIPRO,,aucun,,,,,,,
2026 CIGNG catalog.pdf,All Catalogues 220926,CIGNG,,aucun,,,,,,,
2026 CITYWAY CATALOG.pdf,All Catalogues 220926,CITYWAY,,aucun,,,,,,,
2026 CNSPOKE CATALOG.pdf,All Catalogues 220926,CNSPOKE,,aucun,,,,,,,
Crystalyte materials index.pdf,All Catalogues 220926,Crystalyte materials index,,aucun,,,,,,,
2026 CYCLAMI CATALOG.pdf,All Catalogues 220926,CYCLAMI,,aucun,,,,,,,
2026 DECO CATALOG 3.pdf,All Catalogues 220926,DECO,,aucun,,,,,,,
2026 DEVIATE(DONGGUAN WENXING) Catalog.pdf,All Catalogues 220926,DEVIATE DONGGUAN WENXING,,aucun,,,,,,,
2026 DIYUAN CATALOG.pdf,All Catalogues 220926,DIYUAN,,aucun,,,,,,,
2026 DNM CATALOG.pdf,All Catalogues 220926,DNM,,aucun,,,,,,,
2026 DONG XIN CATALOG.pdf,All Catalogues 220926,DONG XIN,,aucun,,,,,,,
2025 DOTEK CATALOG 2.pdf,All Catalogues 220926,DOTEK,"URE DOTEK Introduction Guangzong County Dacheng Santao Shaft Co., Ltd",à valider,official_153,TIANJIN DACHENG WEIYE TECHNOLOGY INC. [DACHENG WEIYE] E2 E2-0934 · 0.80 token:dacheng ← URE DOTEK Introduction Gu,official_776,"DACHENG COUNTY KAI FENG ELECTRIC VEHICLE PARTS CO., LTD. [DACHENG KAI] E7 E7-0945 · 0.80 token:dacheng ← URE DOTEK Introduction Gu",,,
2026 EIWOL MOTOR CATALOGUE-A01.pdf,All Catalogues 220926,EIWOL MOTOR   A01,"Scan to follow WeCom About Us Wuxi Eiwol Motor Technology Co., Ltd.",aucun,,,,,,,
2026 ELEVANDI .pdf,All Catalogues 220926,ELEVANDI,,aucun,,,,,,,
2026 ELITOP CATALOG.pdf,All Catalogues 220926,ELITOP,,aucun,,,,,,,
ENGWE Product Catalog25.1.1.pdf,Suppliers Catalogues,ENGWE   Catalog25,,aucun,,,,,,,
2026 ENLEE CATALOG-GLASSES.pdf,All Catalogues 220926,ENLEE   GLASSES,,aucun,,,,,,,
ENLEE产品目录-2026.pdf,All Catalogues 220926,ENLEE产品目录,东莞市恩利户外用品有限公司,aucun,,,,,,,
2026 ESME BICYCLE QUOTES.pdf,All Catalogues 220926,ESME BICYCLE,,aucun,,,,,,,
ESON Bone Conduction Headphone Catalog.pdf,Suppliers Catalogues,ESON Bone Conduction Headphone,,aucun,,,,,,,
ETROTEK PRESENTATION 2024.pptx,All Catalogues 220926,ETROTEK,,aucun,,,,,,,
Product Brochure_2024 FREERCHOBBY.pdf,All Catalogues 220926,Brochure 2024 FREERCHOBBY,,aucun,,,,,,,
FUKAI Saddle.pdf,All Catalogues 220926,FUKAI Saddle,,aucun,,,,,,,
2026 FUXINGDA CATALOG.pdf,All Catalogues 220926,FUXINGDA,,aucun,,,,,,,
2026 GACIRON CATALOG.pdf,All Catalogues 220926,GACIRON,Wireless Remote Inc,aucun,,,,,,,
2026 GOKEEP CATALOG.pdf,All Catalogues 220926,GOKEEP,,aucun,,,,,,,
Handan Qijian riding bags.pdf,All Catalogues 220926,Handan Qijian riding bags,,à valider,official_819,ENDLESS RIDING [ENDLESS RIDING] E7 E7-1642 · 0.80 token:riding ← Handan Qijian riding bags,official_1523,"XIAMEN RIDING BEAUTY SPORTS TECHNOLOGY CO., LTD. [RIDING BEAUTY] W5 W5-0142 · 0.80 token:riding ← Handan Qijian riding bags",,,
2026 HAOBO CATALOG.pdf,All Catalogues 220926,HAOBO,PRECISION TECHNOLOGY CO. LTD,aucun,,,,,,,
2026 HAOSHUO CATALOG.pdf,All Catalogues 220926,HAOSHUO,,aucun,,,,,,,
2026 Hapyson 山田电机_catalog.pdf,All Catalogues 220926,Hapyson 山田电机 catalog,,aucun,,,,,,,
2026 HB Catalog 3.pdf,All Catalogues 220926,HB,,aucun,,,,,,,
2026 HDY CATALOG.pdf,All Catalogues 220926,HDY,,aucun,,,,,,,
Hebei Anqi bags.xlsx,All Catalogues 220926,Hebei Anqi bags,,aucun,,,,,,,
Hebei Hanma.xlsx,All Catalogues 220926,Hebei Hanma,,aucun,,,,,,,
Hebei Hengrui Saddle.pdf,All Catalogues 220926,Hebei Hengrui Saddle,,aucun,,,,,,,
"Hebei Manhattan Bicycle Co., Ltd..pdf",All Catalogues 220926,Hebei Manhattan Bicycle Co   Ltd,"Hebei Manhart Bicycle Co., Ltd.",aucun,,,,,,,
Hebei Zhongde saddle.pdf,All Catalogues 220926,Hebei Zhongde saddle,"Hebei Zhongde Automobile Industry Co., Ltd | 河北中德车业有限公司",aucun,,,,,,,
2026 HENG CHUANG CATALOG.pdf,All Catalogues 220926,HENG CHUANG,,à valider,official_539,"JINHUA HENGCHUANG NEW ENERGY CO., LTD. [HC] E5 E5-0145 · 0.85 concat ← HENG CHUANG",official_1145,"SHENZHEN CHUANG XIN WEI BICYCLE CO., LTD. [FOREVER NEW ENERGY] W1 W1-0921 · 0.80 token:chuang ← HENG CHUANG",official_1250,河北创仟儿童玩具有限公司 [CHUANG QIAN] W2 W2-0738 · 0.80 token:chuang ← HENG CHUANG,
2026 HENGHUI CHAIN CATALOG.pdf,All Catalogues 220926,HENGHUI CHAIN,,à valider,official_1475,"CIXI SHENGHUI BICYCLE CO., LTD. [DAEN] W4 W4-1707 · 0.85 concat ← HENGHUI CHAIN",official_1262,"HEBEI HENGCHI BICYCLE PARTS (GROUP) CO., LTD. [HENGCHI GROUP] W2 W2-0926, E3-0714 · 0.75 fuzzy0.86 ← HENGHUI CHAIN",,,
2026 HIGH JUMP CATALOG.pdf,All Catalogues 220926,HIGH JUMP,,aucun,,,,,,,
2026 HONGJINLONG CATALOG.pdf,All Catalogues 220926,HONGJINLONG,,aucun,,,,,,,
HORSES-TEC CATALOG 2024.pdf,Suppliers Catalogues,HORSES TEC,,aucun,,,,,,,
2026 Huizhuo Surpass.pdf,All Catalogues 220926,Huizhuo Surpass,,aucun,,,,,,,
2026 IIEREC CATALOG.pdf,All Catalogues 220926,IIEREC,,aucun,,,,,,,
2026 JDS EYEWEAR CATALOG 3.pdf,All Catalogues 220926,JDS EYEWEAR,,à valider,official_874,"XIAMEN JIADESHENG EYEWEAR CO., LTD. [JIADESHENG EYEWEAR] N1 N1-0030 · 0.80 token:eyewear ← JDS EYEWEAR",,,,,
2026 JHX CATALOG.pdf,All Catalogues 220926,JHX,,aucun,,,,,,,
2026 JIANZHONG CATALOG.pdf,All Catalogues 220926,JIANZHONG,,aucun,,,,,,,
New product Brochure Jiashan Shengguang 2026-2027 aftermarket.pdf,All Catalogues 220926/2026 JINGYI CATALOG,Jiashan Shengguang     aftermarket,,à valider,official_481,"JIASHAN MARGINAL BEARING CO., LTD. [MARGINAL BEARING] E4 E4-1705 · 0.80 token:jiashan ← Jiashan Shengguang     af",official_1422,"JIASHAN LEADBIKE CO., LTD. [LEADBIKE] W4 W4-0444 · 0.80 token:jiashan ← Jiashan Shengguang     af",official_1437,"JIASHAN SHENGGUANG ELECTRONICS CO., LTD. [GASTROHIKEN] W4 W4-0911 · 0.80 token:shengguang ← Jiashan Shengguang     af",
2026 JIMATE CATALOG 1.pdf,All Catalogues 220926,JIMATE,"Qingdao Baitaiwang Rubber Co., Ltd. | 青岛百泰旺橡胶有限公司",aucun,,,,,,,
Jindao Saddle.pdf,All Catalogues 220926,Jindao Saddle,,aucun,,,,,,,
Jingxing Saddle.pdf,All Catalogues 220926,Jingxing Saddle,,aucun,,,,,,,
2026 JINGYI New product Brochure aftermarket.pdf,Catalogues/Bike Light,JINGYI       aftermarket,,aucun,,,,,,,
2026 JINLI CATALOG.pdf,All Catalogues 220926,JINLI,,auto,official_1405,"JINGZHOU TAIKE SPORT EQUIPMENT CO., LTD. [HONGFEI JINLI] W4 W4-0121 · 0.90 brand⊇ ← JINLI",official_390,"SHENZHEN HENGLITONG METAL PRODUCTS CO., LTD. [JIANLI] E4 E4-0426 · 0.75 fuzzy0.91 ← JINLI",official_630,"ZHEJIANG JINLIN SPORTS TECHNOLOGY CO., LTD. [JINLIN] E6 E6-0126 · 0.75 fuzzy0.91 ← JINLI",official_1405
2026 JINSHUN Catalog.pdf,All Catalogues 220926,JINSHUN,,aucun,,,,,,,
2026 JIUHENG CATALOG.pdf,All Catalogues 220926,JIUHENG,,aucun,,,,,,,
2026 JOLETIRE CATALOG.pdf,All Catalogues 220926,JOLETIRE,,aucun,,,,,,,
JOYSTAR 2026 CATALOG.pdf,All Catalogues 220926,JOYSTAR,,aucun,,,,,,,
JYT Controller.pdf,All Catalogues 220926,JYT Controller,,aucun,,,,,,,
2025 KAI MEI TE CATALOG.pdf,All Catalogues 220926,KAI MEI TE,,aucun,,,,,,,
"KAIDA,SADDLE.pdf",All Catalogues 220926,KAIDA SADDLE,,aucun,,,,,,,
2026 KEKE QUOTATION.pdf,All Catalogues 220926,KEKE,,aucun,,,,,,,
Key-Disp Catalog 2023-V1.2.pdf,Suppliers Catalogues,Key Disp,,aucun,,,,,,,
Keyu charger.pdf,All Catalogues 220926,Keyu charger,,aucun,,,,,,,
KT Catalogue 2025.pdf,Suppliers Catalogues,KT,,aucun,,,,,,,
Lang yu Grip.pdf,All Catalogues 220926,Lang yu Grip,,aucun,,,,,,,
2026 LANGSDOM CATALOG.pdf,All Catalogues 220926,LANGSDOM,,aucun,,,,,,,
2026 LEESE CATALOG & QUOTATION.xlsx,All Catalogues 220926,LEESE,,aucun,,,,,,,
2025 LEGEER CATALOG.pdf,All Catalogues 220926,LEGEER,,aucun,,,,,,,
LLZK Controller 1.pdf,All Catalogues 220926,LLZK Controller,,auto,official_663,"JIAXING JIAQI ELECTRONIC AND TECHNOLOGY CO., LTD. [JIAQI] E6 E6-0744 · 1.00 brand= ← jx-jiaqi",,,,,official_663
2026 LN Energy CATALOG.pdf,All Catalogues 220926,LN Energy,,aucun,,,,,,,
2026 LUQIANG CATALOG.xlsx,All Catalogues 220926,LUQIANG,,aucun,,,,,,,
2026 Magicshine Catalog.pdf,All Catalogues 220926,Magicshine,,aucun,,,,,,,
marwi_catalogue_2025.pdf,Suppliers Catalogues,marwi catalogue 2025,"MARWI Taiwan Industrial Co., Ltd.",aucun,,,,,,,
2026 MEI BANG NUO CATALOG.pdf,All Catalogues 220926,MEI BANG NUO,"Dongguan Meibangnuo New Material Technology Co., Ltd | 东莞市美邦诺新材料科技有限公司",aucun,,,,,,,
Meitao Pump.pdf,All Catalogues 220926,Meitao Pump,,aucun,,,,,,,
2026 MFG Catalog.pptx,All Catalogues 220926,MFG,,à valider,official_1312,"HEBEI YASSAT BICYCLE MFG. CO., LTD. [LIANGZUKAS] W3 W3-0009 · 0.90 en⊇ ← MFG",official_1434,"ZHUHAI SAFETY HELMETS MFG CO., LTD. [HELMETS MFG] W4 W4-0744 · 0.90 en⊇ ← MFG",,,
2026 Minigao catalog(With price and Wechat).pdf,All Catalogues 220926,Minigao,,aucun,,,,,,,
2026 MINIONS TIRE.pdf,All Catalogues 220926,MINIONS TIRE,,aucun,,,,,,,
2025 MOAOZ CATALOG.pdf,All Catalogues 220926,MOAOZ,,aucun,,,,,,,
MTB BICYCLE PRICE YOYO.pdf,All Catalogues 220926,MTB BICYCLE PRICE YOYO,,aucun,,,,,,,
NANPU.pdf,Catalogues/2026 Motor catalog,NANPU,NANPU Corp | NANPU Driving a Greener Future About NANPU Corp. | 关于南普公司 | 的方案技术解决,à valider,official_768,"M &amp; S E-DRIVING SYSTEM CO., LTD. [M&S] E7 E7-0901 · 0.80 token:driving ← NANPU Driving a Greener F",,,,,
2026 NAVIGATE CATALOG 2.xlsx,All Catalogues 220926,NAVIGATE,,aucun,,,,,,,
2026 NAYUE CATALOG.pdf,All Catalogues 220926,NAYUE,,aucun,,,,,,,
2026 NEUTRON COMPONENTS.pdf,All Catalogues 220926,NEUTRON COMPONENTS,,aucun,,,,,,,
Newest ALOVA Open-Ear Products Catalog-Jolin.pdf,Suppliers Catalogues,Newest ALOVA Open Ear     Jolin,"ALEX TECH CATALOGUE Shenzhen Alex Technology Co.,Ltd",aucun,,,,,,,
2026 NEXGA CATALOG.pdf,All Catalogues 220926,NEXGA,,aucun,,,,,,,
2026 OBAOLAY CATALOG CYCLING GLASSES.pdf,All Catalogues 220926,OBAOLAY   CYCLING GLASSES,,à valider,official_1088,"GUANGZHOU BAOLAY GLASSES TECHNOLOGY CO., LTD. [BAOLAY GLASSES] N1 N1-1817 · 0.75 fuzzy0.97 ← OBAOLAY   CYCLING GLASSES",,,,,
SKI Offline catalog 25:26.pdf,Suppliers Catalogues,SKI Offline,,aucun,,,,,,,
2026 ONIRII CATALOG.pdf,All Catalogues 220926,ONIRII,,aucun,,,,,,,
2026 ORYLEAP CATALOG EN.pdf,All Catalogues 220926,ORYLEAP,宁波奥跃新能源科技有限公司,aucun,,,,,,,
2026 OsmaR  CATALOG-Magnetic snap CN.pdf,All Catalogues 220926/2026 OsmaR  CATALOG,OsmaR    Magnetic snap,,à valider,official_367,"HEBEI ZHENGTONG TIRE MANUFACTURING CO., LTD. [GOOD PUMP OSMAR] E4 E4-0105 · 0.80 token:osmar ← OsmaR    Magnetic snap",official_1401,"HANGZHOU LAMEDA SPORTS CO., LTD. [GOOD OSMAR PUMP] W4 W4-0105 · 0.80 token:osmar ← OsmaR    Magnetic snap",,,
2026 OUTDO SPORTS EYEWEAR-SUN CATALOG.pdf,All Catalogues 220926,OUTDO SPORTS EYEWEAR SUN,,à valider,official_874,"XIAMEN JIADESHENG EYEWEAR CO., LTD. [JIADESHENG EYEWEAR] N1 N1-0030 · 0.80 token:eyewear ← OUTDO SPORTS EYEWEAR SUN",,,,,
2026 PAISON CATALOG EN.pdf,All Catalogues 220926,PAISON,,aucun,,,,,,,
2026 PROMEND CATALOG.pdf,All Catalogues 220926,PROMEND,,aucun,,,,,,,
2026 QiCYCLE Nano.pdf,All Catalogues 220926,QiCYCLE Nano,,aucun,,,,,,,
2026 QINHUAN CATALOG.pdf,All Catalogues 220926,QINHUAN,,à valider,official_566,"QINHUANGDAO XINCHI PHOTOELECTRICITY TECHNOLOGY CO., LTD. [SINC LITHIUM BATTERY] E5 E5-0926 · 0.85 concat ← QINHUAN",,,,,
QS motor catalogue 2026.pdf,All Catalogues 220926,QS motor,,aucun,,,,,,,
2026 QUICK CATALOG.pdf,All Catalogues 220926,QUICK,"UICK Bicycles is the flagship brand of Huizhou Quick Bicycle Co., Ltd.",à valider,official_60,"ACETRIKES BICYCLES (ANHUI) CO., LTD. [B.B.KING] E1 E1-1336 · 0.80 token:bicycles ← UICK Bicycles is the flag",,,,,
RHY Product Catalog 2024.pdf,Suppliers Catalogues,RHY,,aucun,,,,,,,
2026 RMX CATALOG.pdf,All Catalogues 220926,RMX,,aucun,,,,,,,
2026 S-PARTS CATALOG 8.pdf,All Catalogues 220926/2026 S-PARTS CATALOG,S PARTS,,aucun,,,,,,,
SAHOO sourcing catalog - BIKE 2026.pdf,All Catalogues 220926,SAHOO sourcing     BIKE,,à valider,official_1054,VITTORIA SOURCING ASIA [VITTORIA] N1 N1-1711 · 0.80 token:sourcing ← SAHOO sourcing     BIKE,,,,,
2026 SANLIAN CATALOG.pdf,All Catalogues 220926,SANLIAN,,à valider,official_1500,"SHENZHEN SANDIAN TECHNOLOGY CO., LTD. [SANDIAN] W5 W5-0005 · 0.75 fuzzy0.86 ← SANLIAN",,,,,
SANS Charger Catalog(6).pdf,All Catalogues 220926,SANS Charger,,aucun,,,,,,,
2026 SBK Catalog.pdf,All Catalogues 220926,SBK,,auto,official_1064,"GUANGZONG COUNTY AOQI TIRE MANUFACTURING CO., LTD. [NT SBK] N1 N1-1723 · 0.90 brand⊇ ← SBK",,,,,official_1064
SEEKRUN Catalog 2023.pdf,Suppliers Catalogues,SEEKRUN,,aucun,,,,,,,
"Shandong Xinda Motor Co., Ltd. Catalog _Low Speed Mini EV AC motor Series 2023.pdf",All Catalogues 220926,Shandong Xinda Motor Co   Ltd     Low Speed Mini EV AC motor Series,"About Xinda Motor Shandong Xinda Motor Co., Ltd. | Company profile About Shandon",à valider,official_290,"HEBEI XINDA BICYCLE CO., LTD. [XINDA] E3 E3-1214 · 0.80 token:xinda ← Shandong Xinda Motor Co  ",official_1125,"SHANGHAI DIDONG SPORTS GOODS CO., LTD. [SPEED WAYS] W1 W1-0511 · 0.80 token:speed ← Shandong Xinda Motor Co  ",official_1141,"ALTALIST CO., LTD. [NEW SPEED] W1 W1-0901 · 0.80 token:speed ← Shandong Xinda Motor Co  ",
2026 SHANGFENG CATALOG.pdf,All Catalogues 220926,SHANGFENG,,aucun,,,,,,,
Shenzhen YPR.pdf,All Catalogues 220926,Shenzhen YPR,,aucun,,,,,,,
2026 SHUNYU CATALOG.pdf,All Catalogues 220926,SHUNYU,,aucun,,,,,,,
SiAECOSYS Presentation 2026.pdf,All Catalogues 220926,SiAECOSYS,,aucun,,,,,,,
2026 SMT CATALOG.pdf,All Catalogues 220926,SMT,,aucun,,,,,,,
2026 SNOOKER CATALOG.pdf,All Catalogues 220926,SNOOKER,,aucun,,,,,,,
2026 SPARKLE CATALOG.pdf,All Catalogues 220926,SPARKLE,,aucun,,,,,,,
Stilt Studios Catalogue 2024.pdf,Suppliers Catalogues,Stilt Studios,,aucun,,,,,,,
2026 SUNLIGHT CATALOG.pdf,All Catalogues 220926,SUNLIGHT,,aucun,,,,,,,
SUNNYWHEEL CATALOGUE _ 2025 new_含封面.pdf,Suppliers Catalogues,SUNNYWHEEL       new 含封面,,aucun,,,,,,,
2026 Surpass Sports Products Catalog.pdf,All Catalogues 220926,Surpass Sports,,aucun,,,,,,,
2026 TENGHUI CATALOG.pdf,All Catalogues 220926,TENGHUI,,aucun,,,,,,,
Tengsen Saddle.pdf,All Catalogues 220926,Tengsen Saddle,,aucun,,,,,,,
2026 TIANJIU CATALOG.pdf,All Catalogues 220926,TIANJIU,,aucun,,,,,,,
2026 TTN CATALOG CN.pdf,All Catalogues 220926,TTN,永興軸承公司,aucun,,,,,,,
2026 TUKUS CATALOG(With price).pdf,All Catalogues 220926,TUKUS,,aucun,,,,,,,
2026 TUOHAI CATALOG 2.pdf,All Catalogues 220926,TUOHAI,"WWW.bicyclwheelsets.com Hebi Tuohai Automobile Industry Co., Ltd.",aucun,,,,,,,
UNITEK Catalogue.pdf,All Catalogues 220926,UNITEK,尤尼科电驱动系统有限公司,aucun,,,,,,,
2026 VELOCE CATALOG.pdf,All Catalogues 220926,VELOCE,,aucun,,,,,,,
2026 WEICHI CATALOG.pdf,All Catalogues 220926,WEICHI,,aucun,,,,,,,
2026 WEIIGO CATALOG.pdf,All Catalogues 220926,WEIIGO,,aucun,,,,,,,
Wenzhou Sonjo Lock 2026.pdf,All Catalogues 220926,Wenzhou Sonjo Lock,,aucun,,,,,,,
2026 WEST BIKING Catalog.pdf,All Catalogues 220926,WEST BIKING,,aucun,,,,,,,
wuxi Leiming.pdf,All Catalogues 220926,wuxi Leiming,,aucun,,,,,,,
2026 WZSQ CATALOG.pptx,All Catalogues 220926,WZSQ,,aucun,,,,,,,
2026 XIEDA CATALOG.pdf,All Catalogues 220926,XIEDA,,aucun,,,,,,,
2026 XIMENG CATALOG.pdf,All Catalogues 220926,XIMENG,"PINGXIANG JIE TAI BICYCLE CO,LTD | PNGXIANG UETAI EICYCLE CO,LTD | 乡县捷泰自行车有限公司",aucun,,,,,,,
2026 XINAOMA COMPANY.pptx,All Catalogues 220926,XINAOMA COMPANY,,aucun,,,,,,,
2026 XINDI CATALOG.pdf,All Catalogues 220926,XINDI,,aucun,,,,,,,
Xingtai Leyang Basket 2.xlsx,All Catalogues 220926,Xingtai Leyang Basket,,à valider,official_922,PINGXIANG WENTIAN BASKET FACTORY [WENTIAN BASKET] N1 N1-0430 · 0.80 token:basket ← Xingtai Leyang Basket,official_1471,"CHANGZHOU HAOTU BASKET OF FITTINGS CO., LTD. [HAOTU BASKET] W4 W4-1644 · 0.80 token:basket ← Xingtai Leyang Basket",,,
Xingtai Meide Bicycle1.pdf,All Catalogues 220926,Xingtai Meide Bicycle1,,à valider,official_839,"SUZHOU MEIDE SPORTS TECHNOLOGY CO., LTD. [MEIDE] E7 E7-1728 · 0.80 token:meide ← Xingtai Meide Bicycle1",official_1456,"HEBEI MEIDE BICYCLE CO., LTD. [SOKIND] W4 W4-1311 · 0.80 token:meide ← Xingtai Meide Bicycle1",,,
Xingtai Shangtu Bags.pdf,All Catalogues 220926,Xingtai Shangtu Bags,,aucun,,,,,,,
Xinrui Ski Goggles Catalog-2025V10.pdf,Suppliers Catalogues,Xinrui Ski Goggles   2025V10,"GUANGZHOU XINRUI PROTECTIVE EQUIPMENT CO.,LTD.",aucun,,,,,,,
2026 XINYANGANG CATALOG.pdf,All Catalogues 220926,XINYANGANG,丽雪电动自行车配件有限公司,aucun,,,,,,,
XVE charger.pdf,All Catalogues 220926,XVE charger,"Supply Co., Ltd. | 全的设计理念植入到了公司 | 有限责任公司 | 湖南金鑫宇电源科技有限公司 | 销售于一体的实业公司",auto,official_646,"JIN XIN YU POWER (SHENZHEN) SUPPLY CO., LTD. [JIN XIN] E6 E6-0434 · 0.95 cn ← 湖南金鑫宇电源科技有限公司",,,,,official_646
2026 YINGCHI CATALOG.pdf,All Catalogues 220926,YINGCHI,,aucun,,,,,,,
2026 YIQI CATALOG & QUOTATION.xls,All Catalogues 220926,YIQI,,aucun,,,,,,,
2026 YONGDONG CATALOG.pdf,All Catalogues 220926,YONGDONG,,aucun,,,,,,,
YongFang Plastic 2.pdf,All Catalogues 220926,YongFang Plastic,,à valider,official_157,"YUNGFANG PLASTIC METAL (KUNSHAN) CO., LTD. [YUNGFANG] E2 E2-0945 · 0.75 fuzzy0.88 ← YongFang Plastic",,,,,
YONGLI MTB CATALOG-2025.pdf,Suppliers Catalogues,YONGLI MTB,,à valider,official_512,"HANGZHOU YONGLI FRICTION MATERIAL CO., LTD. [YONGLI FRICTION] E4 E4-1815 · 0.80 token:yongli ← YONGLI MTB",,,,,
2026 YONGTENG CATALOG.pdf,All Catalogues 220926,YONGTENG,创建自己的贸易公司 | 天津喜来福科技有限公司 | 天津市思博格兹自行车有限公司,aucun,,,,,,,
2026 YOUJU OPITCS CATALOG.pdf,All Catalogues 220926,YOUJU OPITCS,,aucun,,,,,,,
2026 YOUSAI CATALOG.pdf,All Catalogues 220926,YOUSAI,邯郸市优赛车业有限公司,aucun,,,,,,,
BICYCLE PRICE 2605-YOYO  .pdf,All Catalogues 220926,BICYCLE PRICE   YOYO,,aucun,,,,,,,
2026 YUAN YU Catalog.pdf,All Catalogues 220926,YUAN YU,,à valider,official_621,"SHENZHEN CHANSON INTELLIGENT TECHNOLOGY CO., LTD. [YUAN YUN] E6 E6-0027 · 0.90 brand⊇ ← YUAN YU",official_1253,"ZHANGPU YUAN WEN SHING TECHNOLOGY CO., LTD. [YWS] W2 W2-0743 · 0.90 en⊇ ← YUAN YU",official_1300,"SHENZHEN YUANMAO NEW TECHNOLOGY CO., LTD. [YUAN MAO] W2 W2-1720 · 0.90 brand⊇ ← YUAN YU",
2026 YUEHENG CATALOG.pdf,All Catalogues 220926,YUEHENG,,à valider,official_929,"GUANGDONG YUECHENG PRECISION TECHNOLOGY CO., LTD. [YUECHENG] N1 N1-0443 · 0.75 fuzzy0.93 ← YUEHENG",,,,,
2026 YUN LI DA CATALOG.pdf,All Catalogues 220926,YUN LI DA,,à valider,official_621,"SHENZHEN CHANSON INTELLIGENT TECHNOLOGY CO., LTD. [YUAN YUN] E6 E6-0027 · 0.90 brand⊇ ← YUN LI DA",official_789,"SHENZHEN MINUO BICYCLE CO., LTD. [GUANG YUN] E7 E7-1311 · 0.90 brand⊇ ← YUN LI DA",official_1236,"TIANJIN FENGYUN BICYCLE CO., LTD. [FENG YUN] W2 W2-0145 · 0.90 brand⊇ ← YUN LI DA",
2026 ZHEMEI CATALOG.pdf,All Catalogues 220926,ZHEMEI,"Lid Ningbo Zhemei Aluminum Wheel Technology Co., Ltd. | 宁波哲美铝轮科技有限公司",à valider,official_118,"CHANGSHU CHANGFA ALUMINUM IND CO., LTD. [CHANGSHU CHANGFA] E2 E2-0336 · 0.80 token:aluminum ← Lid Ningbo Zhemei Aluminu",official_262,"JIANGMENSHI WEIYI ALUMINUM CO., LTD. [JIANGMENSHI WEIYI] E3 E3-0712 · 0.80 token:aluminum ← Lid Ningbo Zhemei Aluminu",official_285,"LANXISHI TONGLI ALUMINUM CO., LTD. [LANXISHI TONGLI] E3 E3-0937 · 0.80 token:aluminum ← Lid Ningbo Zhemei Aluminu",
2026 ZHIHAO CATALOG-MITTS.pdf,All Catalogues 220926,ZHIHAO   MITTS,,aucun,,,,,,,
Zhongde basket.xlsx,All Catalogues 220926,Zhongde basket,,à valider,official_922,PINGXIANG WENTIAN BASKET FACTORY [WENTIAN BASKET] N1 N1-0430 · 0.80 token:basket ← Zhongde basket,official_1471,"CHANGZHOU HAOTU BASKET OF FITTINGS CO., LTD. [HAOTU BASKET] W4 W4-1644 · 0.80 token:basket ← Zhongde basket",,,
2026 Zhongshan bagmate.pdf,All Catalogues 220926,Zhongshan bagmate,,aucun,,,,,,,
2026 ZHONGZHE CATALOG.pdf,All Catalogues 220926,ZHONGZHE,,aucun,,,,,,,
2022 ZIYI CATALOG.pdf,All Catalogues 220926,ZIYI,,aucun,,,,,,,
2026 1-ZOLO SOLO Catalog.pdf,All Catalogues 220926,ZOLO SOLO,惠州市所洛运动用品有限公司,aucun,,,,,,,
广东欧迪斐斯智能科技有限公司产品手册.pdf,All Catalogues 220926,广东欧迪斐斯智能科技有限公司产品手册,"GUANGDONG ODIFAX INTELLIGENT TECHNOLOGY CO.,LTD | 智能科技有限公司",à valider,official_24,"TIANJIN TIANHENG INTELLIGENT TECHNOLOGY CO., LTD. [DUSHIMA] E1 E1-0316 · 0.95 cn ← 智能科技有限公司",official_248,"KUNSHAN YILUN INTELLIGENT TECHNOLOGY CO., LTD. [YILUN] E3 E3-0416 · 0.95 cn ← 智能科技有限公司",official_261,"NINGBO PENK INTELLIGENT TECHNOLOGY CO., LTD. [PENK] E3 E3-0705 · 0.95 cn ← 智能科技有限公司",
科洛曼（2026~2027年).pdf,All Catalogues 220926,科洛曼（ ~2027年,,aucun,,,,,,,
